series_id,n_events,n_regions,start_year,end_year,max_magnitude,mean_eta,event_ids
S203,17,2,2011.0,2016.0,7.9,0.00010803650327479633,"['usp000hvhj', 'usp000hvn3', 'usp000hvp5', 'usp000hvpa', 'usp000hvpc', 'usp000hvpg', 'usp000hvuu', 'usp000hw7r', 'usp000hzf6', 'usp000hzq8', 'usp000j3k6', 'usp000j4gp', 'usp000j84y', 'usp000jwjn', 'usc000kn4n', 'usb000rs50', 'us10007b88']"
S129,16,3,1994.0,2023.0,8.3,0.00010914359014570175,"['usp0006kdp', 'usp0006ktd', 'usp0006m6j', 'usp0006qh3', 'usp0006qyz', 'usp0006rew', 'usp0006svx', 'usp0006vua', 'usp0006wgc', 'usp00077e6', 'usp0007852', 'usp0007chh', 'usp0007d0t', 'usp0009msf', 'usp000afg1', 'us6000m05c']"
S192,4,2,2007.0,2007.0,7.7,0.00011513857591113263,"['usp000fshy', 'usp000fsmf', 'usp000fsnz', 'usp000fujd']"
S047,53,5,1982.0,2024.0,8.0,0.00011918440276685813,"['usp0001nzq', 'usp0001tr1', 'usp0001tte', 'usp0001v7c', 'usp0001v7p', 'usp00024qw', 'usp00025gm', 'usp0002en1', 'usp0002gc3', 'usp0002h04', 'usp0002jkc', 'usp0002xzc', 'usp0002yy6', 'usp00034sg', 'usp0005ztm', 'usp00071ty', 'usp00071w4', 'usp00072a1', 'usp00091ag', 'usp000a2mw', 'usp000a3qq', 'usp000a3sp', 'usp000a45f', 'usp000a6ep', 'usp000arz5', 'usp000axuy', 'usp000bkjf', 'usp000bnbn', 'usp000bsdd', 'usp000bz8p', 'usp000c2k4', 'usp000cdw2', 'usp000dz2j', 'usp000e0h0', 'usp000e5zd', 'usp000fp59', 'usp000gyhq', 'usp000h9ra', 'usp000hfka', 'usp000hhfk', 'usp000hqdx', 'usp000jpjk', 'usb000gen8', 'usb000i8ey', 'us200081v8', 'us10007lkw', 'us10007uph', 'us1000d1kv', 'us1000d937', 'us1000haa3', 'us70003kyy', 'us7000mc2t', 'us7000nrwz']"
S116,22,5,1993.0,2021.0,8.2,0.00012167501105438885,"['usp0005r9f', 'usp00069fm', 'usp0006aew', 'usp0009sd5', 'us1000gcii', 'us1000gez7', 'us1000gf2g', 'us1000gjaz', 'us2000h9e2', 'us2000hbk9', 'us2000hbpv', 'us2000hfjk', 'us1000h4l1', 'us1000hclz', 'us1000htm5', 'us1000i2gt', 'us60004xz4', 'us70005axg', 'us7000635e', 'us6000e47c', 'us6000e4rl', 'us7000e579']"
S101,5,1,1990.0,2006.0,7.5,0.00013317079177569804,"['usp0004k00', 'usp0004x60', 'usp000558t', 'usp000ej4t', 'usp000evbu']"
S073,18,2,1986.0,2023.0,7.4,0.00013455730595572594,"['usp0002w2h', 'usp0003tnc', 'usp000400f', 'usp0004dad', 'usp0005f79', 'usp0005fct', 'usp0005fqc', 'usp0005ftz', 'usp0005usp', 'usp00065sh', 'usp00068d2', 'usp00068eg', 'usp00082mx', 'usp000cc6u', 'usp000f7b4', 'usp000fp9t', 'usp000g3eq', 'us7000lgwp']"
S211,7,2,2013.0,2015.0,8.0,0.00013590245807990308,"['usc000f1s0', 'usc000f3x8', 'usb000g6lc', 'usc000t4cz', 'us10002b03', 'us10002bpw', 'us20002yaw']"
S087,17,4,1987.0,2023.0,7.4,0.00013951522053665406,"['usp000396s', 'usp00039av', 'usp0003hm4', 'usp0003j4t', 'usp0003j6r', 'usp0003ja7', 'usp0003jud', 'usp0007ex5', 'usp0009hra', 'us10003q0q', 'us20005e8t', 'us10005c88', 'us20007ept', 'us10008qsb', 'us6000f7vg', 'us7000j2yw', 'usd000j5jt']"
S253,6,1,2024.0,2026.0,7.4,0.000140712379271856,"['us7000n7n8', 'us7000qdye', 'us6000qw6q', 'us6000qxt4', 'us7000qvw5', 'us7000sui3']"
S190,4,1,2007.0,2010.0,8.1,0.00014437224830982038,"['usp000f83m', 'usp000ff08', 'usp000fjw7', 'usp000h5nd']"
S170,46,12,2002.0,2023.0,9.1,0.0001460240204177423,"['usp000bfuz', 'official20041226005853450_30', 'usp000dcbh', 'usp000dd5a', 'usp000ddgf', 'usp000dfhb', 'usp000dfj2', 'usp000dfqj', 'usp000dg73', 'usp000dgfv', 'usp000dh0k', 'usp000dhc1', 'usp000djku', 'official20050328160936530_30', 'usp000dmtx', 'usp000dn1w', 'usp000dqs0', 'usp000dr4t', 'usp000dujc', 'usp000dvtc', 'usp000e4gh', 'usp000eh8s', 'usp000fn2b', 'usp000fn34', 'usp000fzau', 'usp000fzv0', 'usp000gapt', 'usp000hat0', 'usp000hbbt', 'usp000hchk', 'usp000hde8', 'usp000hdwb', 'usp000j7nn', 'usp000jdar', 'official20120411083836720_20', 'usp000jhjb', 'usp000jhr6', 'usp000jj41', 'usp000jwt8', 'usp000jx85', 'usc000lvb5', 'us10003vry', 'us20005zt1', 'us10007ghm', 'us7000e2zt', 'us7000knq0']"
S147,6,2,1997.0,2001.0,7.8,0.00014646567968028146,"['usp000890q', 'usp0008f2f', 'usp0008n5q', 'usp000907z', 'usp000967d', 'usp000ahyn']"
S028,11,2,1978.0,2022.0,7.7,0.0001521004688369488,"['usp0000v0f', 'usp0000v1t', 'usp0001bss', 'usp0002hmv', 'usp000dxe2', 'usp000e462', 'usp000e5c8', 'us6000dher', 'us7000dl6y', 'us7000dz5t', 'us6000h519']"
S058,7,1,1984.0,2003.0,7.6,0.0001522758003764457,"['usp00021u7', 'usp0002k69', 'usp0003jtm', 'usp0003rwm', 'usp00041c6', 'usp0004dhv', 'usp000bnvq']"
S178,4,2,2004.0,2007.0,6.9,0.00015275228813152746,"['usp000d600', 'usp000d81v', 'usp000d855', 'usp000ftdp']"
S075,16,2,1986.0,1993.0,7.7,0.0001542586460266581,"['usp0002z3j', 'usp0002z8y', 'usp0002zgu', 'usp000311j', 'usp00031hm', 'usp00032bc', 'usp00032jj', 'usp00033f4', 'usp00034k1', 'usp0003bzy', 'usp0003gxk', 'usp0004axa', 'usp0004sq2', 'usp000585d', 'usp00059mp', 'usp0005p26']"
S150,11,4,1999.0,2021.0,7.5,0.0001542758145190396,"['usp00095u8', 'usp00097rj', 'usp000982a', 'usp0009n4c', 'us10001rvu', 'us10001ryu', 'us20002ag9', 'us20002das', 'us10006iy0', 'us10006jbi', 'us7000dffl']"
S015,27,2,1975.0,2006.0,8.0,0.00015602971763722503,"['usp0000d42', 'usp0000d78', 'usp0000e2t', 'usp0000ee7', 'usp0000fk9', 'usp0000g59', 'usp0000jq7', 'usp0000n82', 'usp0000pdx', 'usp0000qzg', 'usp0000r34', 'usp0000swb', 'usp0000v3r', 'usp0001407', 'usp000141q', 'usp00018vj', 'usp0001hmm', 'usp0001m22', 'usp0003sav', 'usp0003v79', 'usp0004ypz', 'usp000578t', 'usp00087s6', 'usp0009bu6', 'usp0009cdx', 'usp000bwkr', 'usp000etzf']"
S013,15,2,1975.0,2014.0,7.9,0.00015668472440030833,"['usp0000c24', 'usp0000hdc', 'usp0000kcn', 'usp0000px4', 'usp0006b9h', 'usp0006bdm', 'usp0007gqq', 'usp0007gvt', 'usp0007rdr', 'usb000kemb', 'usc000pft9', 'usc000phx5', 'usb000q66s', 'usb000q98a', 'usc000rqgz']"
S191,15,4,2007.0,2022.0,8.4,0.00015669345403475422,"['usp000fj6k', 'official20070912111026830_34', 'usp000fpca', 'usp000fpg6', 'usp000fr6r', 'usp000frnh', 'usp000ft98', 'usp000h3vc', 'usp000h8s3', 'usp000hcbx', 'usp000hnj4', 'usc000gw27', 'us100068jg', 'us6000bgvl', 'us7000iqpn']"
S133,14,3,1995.0,2014.0,7.9,0.0001602363910786573,"['usp0006w5n', 'usp0007zea', 'usp000bgz7', 'usp000bsvs', 'usp000bzyd', 'usp000c01m', 'usp000cd1n', 'usp000cdb4', 'usp000ceks', 'usp000cxkw', 'usp000dszm', 'usp000ekaq', 'usp000en5e', 'usc000rki5']"
S071,19,4,1986.0,2015.0,8.0,0.0001656471560838469,"['usp0002tmu', 'usp0002tvn', 'usp0002u3x', 'usp0002v5r', 'usp0002v6r', 'usp0002y12', 'usp00031dt', 'usp00032u7', 'usp00034ry', 'usp00034sx', 'usp0003536', 'usp000agn9', 'usp000fhn5', 'usp000fjsq', 'usp000fuse', 'usp000g41s', 'usp000g59v', 'usb000jdt7', 'us200030aq']"
S095,25,4,1989.0,2017.0,7.9,0.00016767725381787115,"['usp00042ug', 'usp00042wq', 'usp000433j', 'usp00043s3', 'usp000456h', 'usp000482z', 'usp00049qg', 'usp0004ag6', 'usp0004bxs', 'usp0004c36', 'usp0004g51', 'usp0004n2a', 'usp0004ru5', 'usp0004rxb', 'usp0004smx', 'usp0004t6g', 'usp0004tse', 'usp0004v3k', 'usp0004z3m', 'usp0005bvx', 'usp0007jw8', 'usp0008baj', 'usp0009y2g', 'usc000ttkd', 'us1000aw8q']"
S014,21,2,1975.0,2019.0,7.7,0.00017138657308748991,"['usp0000d2p', 'usp00018r3', 'usp000194t', 'usp0001db4', 'usp0001jqv', 'usp0001nvd', 'usp0001r8k', 'usp00080wt', 'usp000814h', 'usp0008rm2', 'usp0008rpa', 'usp0008sd0', 'usp00092cr', 'usp0009xp4', 'usp000b6cd', 'usp000cs2y', 'usp000h2g9', 'usp000h3wn', 'usp000h8pu', 'usp000hd84', 'us2000j468']"
S149,11,2,1998.0,2026.0,7.7,0.0001757744856884181,"['usp0008yx2', 'usp0008z7q', 'usp0009sbh', 'usp0009z9y', 'usp000aa8b', 'usp000abqh', 'usp000f34b', 'usp000f57a', 'usp000fh3s', 'usp000ggu7', 'us6000slss']"
S062,15,2,1984.0,2024.0,7.6,0.00017580202752161497,"['usp00028mq', 'usp000297p', 'usp0002drr', 'usp0002v4y', 'usp0002vw0', 'usp0002x57', 'usp00032ej', 'usp0003rqq', 'usp0003xjb', 'usp000jqrz', 'usp000jr83', 'usc000sxh8', 'usb000t20t', 'us60006bjl', 'us7000myfa']"
S221,3,1,2015.0,2018.0,7.6,0.000176764658598661,"['us100040ww', 'us100041f1', 'us1000ggj4']"
S220,3,1,2015.0,2015.0,6.8,0.00017892867436485518,"['us20002whh', 'us100030pg', 'us10003zcp']"
S132,4,1,1995.0,1996.0,7.1,0.00018031185722573856,"['usp0006vxw', 'usp0006vz4', 'usp0006ww5', 'usp0007jkw']"
S082,7,1,1987.0,2025.0,7.4,0.00018236717627972138,"['usp00034x3', 'usp00034xs', 'usp00035k6', 'usp00039qx', 'usp00057gu', 'usp0005sm4', 'us6000rfwz']"
S153,11,1,1999.0,2024.0,7.5,0.00018547488464199261,"['usp0009dg4', 'usp0009j4n', 'usp0009kej', 'usp000a18v', 'usp000a7cv', 'usp000avpw', 'usp000hhuc', 'usp000hrw0', 'usp000ht15', 'usp000j1a8', 'us7000nzf3']"
S200,6,2,2010.0,2017.0,7.8,0.0001861565517850249,"['usp000hb6a', 'usp000hej3', 'usp000j0eh', 'us20007z80', 'us10007pj6', 'us10007u7n']"
S159,4,1,2000.0,2001.0,7.9,0.00018715577727265145,"['usp0009txv', 'usp0009ut0', 'usp000a7t0', 'usp000a9kc']"
S224,9,2,2017.0,2026.0,7.8,0.00018782165584322775,"['us10007s9c', 'us20008ixa', 'us10008ls4', 'us6000lp12', 'us7000lff4', 'us6000m2jp', 'us6000nhqc', 'us7000srb1', 'us7000st95']"
S027,5,2,1978.0,1978.0,7.5,0.0001881594164016979,"['usp0000th2', 'usp0000tjh', 'usp0000tm0', 'usp0000tn6', 'usp0000xsq']"
S226,8,2,2017.0,2020.0,8.2,0.0001918059141844296,"['us20009mbt', 'us20009p1a', 'us2000ahv0', 'us2000ar20', 'us2000bmhe', 'us1000c2zy', 'us2000d3km', 'us6000ah9t']"
S172,9,2,2003.0,2016.0,8.16,0.00019285794911829175,"['official20030925195006360_27', 'usp000c8sz', 'usp000c90r', 'usp000cbpa', 'usp000d9h1', 'usp000ggu8', 'usp000jg7e', 'usc000f03a', 'us10004ebx']"
S040,10,1,1981.0,2017.0,7.7,0.0002008421518601996,"['usp0001fkx', 'usp00023n2', 'usp000251s', 'usp000286c', 'usp00028ms', 'usp00043wc', 'usp0005swx', 'usp0006vb3', 'usp0007n46', 'us2000bibm']"
S122,11,2,1993.0,2012.0,8.0,0.0002008732312585167,"['usp00062jn', 'usp00073c5', 'usp00074vc', 'usp00075gf', 'usp00077vd', 'usp0007dv6', 'usp0007m35', 'usp00081jx', 'usp000851t', 'usp000bnyr', 'usp000jghj']"
S096,9,1,1990.0,2014.0,7.2,0.00021441064655711243,"['usp00045mr', 'usp00046mh', 'usp0004cm6', 'usp0004f5b', 'usp0004vbw', 'usp00052zw', 'usp0007jck', 'usp0008aqx', 'usc000mjye']"
S167,7,2,2002.0,2019.0,7.7,0.00021532849559263262,"['usp000b790', 'usp000ba6g', 'usp000bn1f', 'usp000c3f7', 'usp000fwsh', 'usp000j83e', 'us6000693m']"
S004,5,1,1973.0,1978.0,7.5,0.0002280796187256161,"['usp00004p9', 'usp00004py', 'usp00008uv', 'usp0000qfz', 'usp0000uhc']"
S197,11,5,2009.0,2011.0,7.6,0.0002289476683342941,"['usp000h04j', 'usp000h05x', 'usp000h093', 'usp000h0ew', 'usp000h237', 'usp000h24c', 'usp000h2c1', 'usp000h2g6', 'usp000ha59', 'usp000hgmd', 'usp000huab']"
S139,5,2,1995.0,1998.0,7.9,0.00023169295076136423,"['usp00079k5', 'usp00079zv', 'usp0007m42', 'usp0008nfm', 'usp0008xw6']"
S117,5,1,1993.0,1999.0,7.3,0.0002326513316506025,"['usp0005sqc', 'usp0005suz', 'usp0007jbb', 'usp0007jfz', 'usp00094ud']"
S148,10,2,1998.0,2023.0,8.1,0.00023392127838073746,"['usp0008hzd', 'usp0008j7s', 'usp000d06s', 'usp000d8nz', 'usp000e7f0', 'usp000e9aq', 'usb000ruzk', 'usc000stdc', 'us10006scr', 'us7000l7qy']"
S005,3,1,1974.0,2001.0,7.0,0.0002368842791154671,"['usp000053h', 'usp00005jg', 'usp000adkn']"
S084,3,1,1987.0,1987.0,7.2,0.00023995207605721747,"['usp00037c3', 'usp00037gc', 'usp00037ju']"
S166,4,2,2002.0,2012.0,7.6,0.00023997090573320333,"['usp000aw5z', 'usp000bbpf', 'usp000be54', 'usp000jjaq']"
S235,8,2,2019.0,2023.0,7.6,0.0002408538498284064,"['us600044zz', 'us70004dz3', 'us70004jyv', 'us70005lfd', 'us70009b14', 'us7000j36j', 'us7000j553', 'us7000l9h2']"
S209,11,3,2012.0,2023.0,7.6,0.00024273650410424035,"['usp000jqvm', 'usp000jrsw', 'usp000jta1', 'usp000jucg', 'usc000f4ij', 'usc000hrnr', 'usc000pgsi', 'usb000slwn', 'us10007c4w', 'us7000fdds', 'us7000kgpb']"
S144,6,2,1996.0,2009.0,7.4,0.0002440541877924451,"['usp0007sfm', 'usp00081pj', 'usp00082uf', 'usp00096mm', 'usp000eh87', 'usp000gx5u']"
S255,3,1,2025.0,2026.0,7.6,0.0002473046550935226,"['us6000r2xq', 'us6000rgf4', 'us6000shlp']"
S059,11,2,1984.0,2000.0,7.4,0.00025178505758891766,"['usp00022es', 'usp00022fa', 'usp00023uq', 'usp0002d0r', 'usp0002ded', 'usp0002qpu', 'usp0004r5x', 'usp000520a', 'usp0007evx', 'usp0008tje', 'usp0009xzy']"
S064,6,2,1984.0,1988.0,7.1,0.00025203127681002065,"['usp000292p', 'usp000295c', 'usp00029ad', 'usp00029b2', 'usp0002q31', 'usp0003jf5']"
S247,3,1,2023.0,2024.0,7.0,0.0002533841931836412,"['us6000k1id', 'us7000le6w', 'us6000mksx']"
S137,4,1,1995.0,1998.0,8.0,0.00025549559798370276,"['usp000714t', 'usp000762s', 'usp0007gbg', 'usp0008f7c']"
S184,6,1,2006.0,2025.0,8.0,0.00025754285031550836,"['usp000eg5g', 'usp000gkje', 'usp000gv5p', 'usp000h4cs', 'us7000pntq', 'us6000q5tp']"
S245,6,2,2022.0,2025.0,7.6,0.0002575707863324394,"['us6000iitd', 'us7000i7ya', 'us7000jgfd', 'us6000ldqd', 'us6000rfb2', 'us6000rwgh']"
S199,19,3,2010.0,2019.0,8.8,0.00025885806609000526,"['official20100227063411530_30', 'usp000h8rt', 'usp000h94t', 'usp000hd4k', 'usp000hf8z', 'usp000hsfq', 'usp000huc2', 'usp000hugg', 'usp000jgsw', 'usp000jj3u', 'usb000kqnc', 'us20003k7a', 'us10003vgt', 'us10003x8t', 'us10008kce', 'us2000j0ja', 'us2000j6hy', 'us60004yps', 'us70005nie']"
S246,4,2,2022.0,2022.0,7.3,0.00026128544506043587,"['us7000ingh', 'us7000ip0l', 'us7000ip8h', 'us6000j6w8']"
S046,7,2,1982.0,2010.0,7.1,0.00026290518351958014,"['usp0001nkk', 'usp000g5rx', 'usp000g5yf', 'usp000g9h6', 'usp000gcjg', 'usp000gczp', 'usp000h9cg']"
S093,8,1,1989.0,2026.0,7.6,0.00026345615288323924,"['usp00041dn', 'usp0005b1c', 'us6000rmea', 'us6000rtdt', 'us6000rtie', 'us7000s7u4', 'us6000sxwq', 'us6000t7zq']"
S120,6,2,1993.0,2003.0,7.8,0.0002695106129730599,"['usp0005y3k', 'usp0005y7g', 'usp000aqsu', 'usp000b37m', 'usp000b9w7', 'usp000c5h6']"
S188,5,2,2006.0,2011.0,8.0,0.00027213079856781754,"['usp000evkn', 'usp000fjta', 'usp000fkb6', 'usp000fmtk', 'usp000ja1p']"
S077,11,1,1987.0,2023.0,7.2,0.0002734575447724166,"['usp00031cn', 'usp00032q7', 'usp00036ct', 'usp0003gre', 'usp000eqf9', 'usp000fhm9', 'usp000fm6b', 'usp000gckc', 'usp000h054', 'usp000h2gj', 'us6000lq00']"
S189,13,2,2007.0,2023.0,7.4,0.00027715708230813285,"['usp000f3xh', 'usp000f3zy', 'usp000ghyg', 'usp000gq7y', 'usc000rkg5', 'us7000dfk3', 'us7000eeq4', 'us7000gg3w', 'us6000h1d2', 'us7000jh99', 'us7000jkbd', 'us6000k6mg', 'us7000jwhe']"
S057,8,1,1983.0,2022.0,7.2,0.0002785387769790106,"['usp00020ph', 'usp0002mbn', 'usp0006bt7', 'usp0009rrc', 'usp0009suu', 'usp000j7ee', 'usp000jm15', 'us7000h8g3']"
S223,3,1,2016.0,2017.0,7.4,0.000278740801785528,"['us20005ysu', 'us10006exl', 'us10008rb6']"
S248,3,1,2023.0,2025.0,7.6,0.0002797584631581043,"['us6000kawn', 'us6000kpls', 'us6000quy1']"
S113,3,1,1992.0,1993.0,7.8,0.0002809464059812398,"['usp0005j5a', 'usp0005jjt', 'usp00061gr']"
S195,5,1,2008.0,2016.0,8.3,0.00028589740875787837,"['usp000gbc0', 'usp000gpbs', 'usb000h4jh', 'usb000k3c1', 'us20004vvx']"
S181,8,2,2004.0,2017.0,8.1,0.00028922525773406244,"['usp000d8ze', 'usp000db93', 'usp000dbg6', 'usp000dbj1', 'usp000fpgq', 'usp000fqks', 'usp000fs9s', 'us100098qm']"
S185,3,1,2006.0,2013.0,7.7,0.00029323256429931717,"['usp000ensm', 'usp000hz7h', 'usc000hpsd']"
S187,10,2,2006.0,2013.0,8.3,0.0002951027251830144,"['usp000eu5f', 'usp000exfn', 'usp000exg0', 'usp000f2ab', 'usp000f3za', 'usp000g0jk', 'usp000gsmz', 'usp000gvv4', 'usb000gbf8', 'usb000h543']"
S135,6,1,1995.0,2009.0,7.7,0.0002966549466594315,"['usp0006xg1', 'usp0006zwa', 'usp00070h5', 'usp0008dqq', 'usp000dn2k', 'usp000gsm5']"
S021,3,1,1977.0,1997.0,6.6,0.0002990634977150456,"['usp0000m2u', 'usp0004a7d', 'usp00086u4']"
S238,7,1,2020.0,2025.0,8.2,0.000299709451279905,"['us7000asvb', 'us6000c9hg', 'ak0219neiszm', 'ak021d1u1nos', 'us7000gavu', 'us7000kg30', 'us7000qd1y']"
S038,3,1,1980.0,2001.0,6.7,0.00030407793082144676,"['usp0001adk', 'usp0001c85', 'usp000aake']"
S020,6,1,1976.0,2003.0,7.9,0.00030463473890871375,"['usp0000hvb', 'usp0000hw4', 'usp0000k85', 'usp0000xwj', 'usp000azqw', 'usp000by7z']"
S252,3,2,2024.0,2025.0,7.1,0.00030528126649106475,"['us6000nith', 'us6000nj9s', 'us6000pjny']"
S163,6,2,2001.0,2024.0,8.4,0.00030626566786336656,"['official20010623203314130_33', 'usp000ahfr', 'usp000b17z', 'usb000jzma', 'us2000cjfy', 'us6000n8tq']"
S240,6,2,2021.0,2023.0,7.7,0.00030655813968575267,"['us6000dg77', 'us7000dfq2', 'us6000fr0b', 'us7000gyj0', 'us7000hcqw', 'us6000kd0n']"
S234,8,2,2019.0,2022.0,8.0,0.00030992822956568775,"['us2000jlfv', 'us1000j96d', 'us60003sc0', 'us70003t2n', 'us7000fxq2', 'us7000ghm5', 'us7000hcmn', 'us7000hfrj']"
S010,3,1,1974.0,1975.0,6.5,0.00031019999350717945,"['usp00008kr', 'usp00008zj', 'usp00009gz']"
S250,3,1,2024.0,2024.0,6.9,0.0003178720878713245,"['us6000n158', 'us7000n9dt', 'us7000nhjw']"
S154,5,1,1999.0,2004.0,7.7,0.000323722892272704,"['usp0009eq0', 'usp000ausw', 'usp000b1e2', 'usp000cexg', 'usp000d6dm']"
S182,5,2,2005.0,2009.0,7.8,0.0003425965969876949,"['usp000dsw1', 'usp000dt25', 'usp000dt8h', 'usp000e4cy', 'usp000h401']"
S080,4,1,1987.0,1997.0,7.4,0.00034357606932091994,"['usp000329h', 'usp00053k1', 'usp00057d0', 'usp0007zzs']"
S089,10,2,1988.0,2012.0,7.6,0.0003464946535845201,"['usp0003j4p', 'usp0003nn3', 'usp000464d', 'usp000467e', 'usp00046wv', 'usp000j6r4', 'usp000j7jb', 'usp000jeag', 'usp000jfqx', 'usp000jfzj']"
S157,4,2,2000.0,2004.0,7.2,0.00034743512391288033,"['usp0009kx3', 'usp0009kz2', 'usp0009nxg', 'usp000cjn2']"
S219,4,1,2015.0,2024.0,7.8,0.00035091706190431833,"['us20002ki3', 'us10002l37', 'us70008z89', 'us6000mu8k']"
S081,7,2,1987.0,1993.0,7.6,0.0003610639365931588,"['usp0003304', 'usp000330w', 'usp00033th', 'usp00037zn', 'usp0003c61', 'usp0003d8y', 'usp0005te6']"
S123,4,2,1994.0,1994.0,7.0,0.00037978001904005884,"['usp00066x3', 'usp0006744', 'usp0006b1z', 'usp0006d2j']"
S079,4,1,1987.0,2021.0,7.0,0.0003827215895234041,"['usp000321p', 'usp000gw7m', 'us700058yy', 'us6000f8yd']"
S145,6,1,1997.0,2003.0,7.1,0.0003907406101156276,"['usp00084ez', 'usp000892b', 'usp0008e5f', 'usp0008uc5', 'usp000b6du', 'usp000c0bb']"
S222,3,2,2016.0,2016.0,7.8,0.00040539606105518666,"['us20005j32', 'us10005cc4', 'us10005i5t']"
S007,22,2,1974.0,2023.0,7.5,0.0004078624497092301,"['usp00007cw', 'usp00007j0', 'usp00020xw', 'usp00020z7', 'usp0002h5z', 'usp0002j21', 'usp0004mdh', 'usp0004u5k', 'usp0005y6k', 'usp000828b', 'usp0009h97', 'usp000azhc', 'usp000crt6', 'usp000e61s', 'usp000gjd4', 'usp000gs2v', 'us10003re5', 'us100044k6', 'us20005gsg', 'us10007ca5', 'us6000jqxc', 'us7000jln7']"
S115,6,1,1993.0,1996.0,7.7,0.00041558400526266653,"['usp0005ktj', 'usp0005kz3', 'usp0005mrp', 'usp0005w12', 'usp0005y2x', 'usp0007uuh']"
S231,7,2,2018.0,2022.0,8.1,0.0004279834016302817,"['us2000isc8', 'us600032fg', 'us6000f53e', 'us6000f65h', 'us6000f6wt', 'us6000f9gd', 'us6000ip57']"
S076,6,2,1986.0,2025.0,7.4,0.00042867762868907923,"['usp0003009', 'usp0003y09', 'usp0004j34', 'us7000m9g4', 'us7000ma2w', 'us7000rl2n']"
S103,3,1,1991.0,2006.0,7.6,0.00044042974559475845,"['usp0004ntk', 'usp000ef1h', 'usp000ehph']"
S193,3,2,2007.0,2009.0,7.8,0.0004522041801029574,"['usp000fu3q', 'usp000fuvt', 'usp000gu5x']"
S237,3,1,2020.0,2023.0,7.4,0.00046145147365597613,"['us6000ae4n', 'us6000iasi', 'us7000ku47']"
S205,3,2,2011.0,2011.0,7.6,0.0004795376440954837,"['usp000j48h', 'usp000j5nv', 'usp000j9nm']"
S078,4,1,1987.0,1987.0,6.8,0.0004831427412528448,"['usp00031hj', 'usp00031nv', 'usp000327d', 'usp00033z3']"
S018,3,2,1976.0,1976.0,7.1,0.0004838768139228532,"['usp0000h1p', 'usp0000h24', 'usp0000k3d']"
S143,3,2,1996.0,1996.0,6.7,0.0004851513101943187,"['usp0007rku', 'usp0007rp0', 'usp0007tw5']"
S031,14,1,1978.0,2012.0,8.0,0.00048605507101762813,"['usp0000xp7', 'usp0000y47', 'usp0000yks', 'usp0000zbw', 'usp0001gnv', 'usp0002jwe', 'usp0002jyp', 'usp0002tcb', 'usp0006pwk', 'usp0007vrx', 'usp00082pq', 'usp0009f7v', 'usp0009y65', 'usp000jhpj']"
S056,3,1,1983.0,2013.0,7.3,0.0004878593459684899,"['usp000200r', 'usp0003gj3', 'usb000jelf']"
S206,4,1,2011.0,2013.0,7.1,0.0004889863947028611,"['usp000j9as', 'usp000jc5z', 'usp000jgm3', 'usb000fij4']"
S112,4,1,1992.0,1998.0,7.7,0.0004957288720148129,"['usp0005ddn', 'usp0006z26', 'usp0007e9k', 'usp0008trh']"
S097,3,1,1990.0,1990.0,7.3,0.0005173375600089974,"['usp0004720', 'usp00047e5', 'usp0004904']"
S066,6,1,1985.0,1996.0,7.4,0.0005196627511888345,"['usp0002j7t', 'usp0003dte', 'usp0004x7f', 'usp0004xzr', 'usp0007n5m', 'usp0007rp1']"
S044,5,1,1982.0,2019.0,7.4,0.0005387596414746751,"['usp0001kjv', 'usp000207b', 'usp000jv5f', 'usc000rr6a', 'us2000jbub']"
S239,3,1,2020.0,2025.0,6.9,0.0005716072386415708,"['us7000bf3k', 'us7000bq10', 'us7000pnf2']"
S118,4,1,1993.0,2006.0,7.5,0.0005843287384237743,"['usp0005u7b', 'usp00063mj', 'usp0007k2n', 'usp000erp5']"
S002,6,2,1973.0,1981.0,7.7,0.0005854410734486813,"['usp0000270', 'usp00002dx', 'usp0000862', 'usp0000bdp', 'usp00015mw', 'usp0001fn5']"
S146,3,1,1997.0,1998.0,6.7,0.0006476615942558168,"['usp00085yy', 'usp00086u2', 'usp0008e6m']"
S042,3,1,1981.0,1983.0,7.2,0.0006883986221362482,"['usp0001hgc', 'usp0001j3b', 'usp0001xcs']"
S106,4,1,1991.0,2023.0,7.3,0.0007262274044225465,"['usp0004taw', 'usp0006h5m', 'usp000hsdc', 'us7000j5x2']"
S225,3,1,2017.0,2017.0,7.7,0.0007267175401722566,"['us20009jd6', 'us20009x42', 'us2000b2vq']"
S025,6,3,1977.0,1989.0,8.3,0.0008451324816011184,"['iscgem694739', 'usp0000qbn', 'usp0000u0r', 'usp00030zf', 'usp0003xax', 'usp0003xwe']"
S055,4,1,1983.0,2008.0,7.2,0.0009868685718897733,"['usp0001z5e', 'usp000fykt', 'usp000fzsd', 'usp000gazv']"
S036,6,1,1980.0,1985.0,7.0,0.0010054133833634678,"['usp00015we', 'usp0001ej2', 'usp0001eq4', 'usp0001fxr', 'usp0001h4g', 'usp0002gcy']"
S043,3,1,1982.0,1988.0,7.3,0.0010526671234844388,"['usp0001hze', 'usp0003da3', 'usp0003nxq']"
S168,3,1,2002.0,2015.0,6.6,0.0010563369993041008,"['usp000b923', 'usc000t4iq', 'usc000tcba']"
S125,3,1,1994.0,1994.0,7.8,0.00105888157210762,"['usp0006djk', 'usp0006k55', 'usp0006npt']"
S083,3,2,1987.0,1987.0,7.1,0.001066650345229097,"['usp00035ur', 'usp000363y', 'usp00039kg']"
S022,3,1,1977.0,1990.0,7.5,0.0012732831102551313,"['usp0000mtc', 'usp0002xpm', 'usp00049yk']"
S155,3,1,1999.0,2001.0,7.0,0.0012964640165755133,"['ak999fmohlzt', 'ak0008v7ic1n', 'ak001gswxc7']"
S016,3,1,1975.0,2018.0,7.7,0.0012990896770059307,"['hv19755025', 'hv19832953', 'hv70116556']"
S124,3,1,1994.0,2017.0,7.0,0.0014052519110403724,"['usp00069pg', 'usp000g4r4', 'us1000bj7t']"
S009,3,2,1974.0,1974.0,7.6,0.0017277311509820894,"['usp0000888', 'usp00008aq', 'usp00008qy']"
S003,5,1,1973.0,1975.0,6.9,0.0017958531008481309,"['usp00003dp', 'usp00003ya', 'usp00008n6', 'usp0000d69', 'usp0000d7g']"
S088,3,1,1987.0,1992.0,7.8,0.0022037837645034843,"['usp0003a6c', 'usp0003dnb', 'usp0005c4e']"
S006,3,1,1974.0,1976.0,7.3,0.002546275318258987,"['usp000072y', 'usp00009nh', 'usp0000h98']"
S017,3,1,1976.0,1984.0,7.0,0.002670726555588069,"['usp0000ft0', 'usp0000gcj', 'usp00022s5']"
S012,5,3,1975.0,1989.0,7.6,0.003156034711818044,"['usp00009ry', 'usp00009ss', 'usp00009zr', 'usp0000uq0', 'usp00040e2']"
S030,3,1,1978.0,1979.0,7.4,0.0038374796424898287,"['usp0000wjx', 'usp0000yf2', 'usp000140d']"
S-01,787,49,-2150.0,2026.0,8.6,0.06007086067644585,"['usp000006k', 'usp00000dz', 'usp00000rx', 'usp000019p', 'usp000019y', 'usp00001d9', 'usp00001hw', 'usp00002g9', 'usp00002h1', 'usp00002q7', 'usp000038k', 'usp000038s', 'usp00003kr', 'usp00003pf', 'usp00003qs', 'usp00004ga', 'usp000056v', 'usp0000694', 'usp000069p', 'usp00006sz', 'usp00006wc', 'usp00006zm', 'usp0000708', 'usp00007yp', 'usp00008eb', 'usp00008hm', 'usp00009jd', 'usp0000a44', 'usp0000a7a', 'usp0000abg', 'usp0000acv', 'usp0000amw', 'usp0000b6e', 'usp0000bm9', 'usp0000bxv', 'usp0000bxy', 'usp0000c07', 'usp0000cfw', 'usp0000cqe', 'usp0000cx8', 'usp0000d0m', 'usp0000d18', 'usp0000d2v', 'usp0000dc1', 'usp0000e2c', 'usp0000e4x', 'usp0000ekj', 'usp0000ex3', 'usp0000fpg', 'usp0000ftt', 'usp0000g52', 'usp0000g5v', 'usp0000g9k', 'usp0000gc6', 'usp0000gm6', 'usp0000gzb', 'usp0000hbg', 'usp0000hpm', 'usp0000k5e', 'usp0000k7d', 'usp0000kf0', 'usp0000kjc', 'usp0000kv9', 'usp0000mmw', 'usp0000n1c', 'usp0000ngd', 'usp0000qbd', 'usp0000qga', 'usp0000rc6', 'usp0000rk7', 'usp0000rp1', 'usp0000s8t', 'usp0000sge', 'usp0000t8z', 'usp0000u1x', 'usp0000w5v', 'usp0000x7g', 'usp0000x94', 'usp0000xz6', 'usp0000yu0', 'usp0000yvv', 'usp0000z2a', 'usp0000zxb', 'usp000100b', 'usp00011nk', 'usp000121k', 'usp00012m8', 'usp00012mz', 'usp000136a', 'usp00013nn', 'usp00013qx', 'usp00014h9', 'usp00014tu', 'usp00015qz', 'usp0001668', 'usp00016ma', 'usp00018ad', 'usp00018ft', 'usp00018xa', 'usp0001959', 'usp00019zv', 'usp0001a5w', 'usp0001aq1', 'usp0001arz', 'usp0001ay4', 'usp0001bax', 'usp0001bhu', 'usp0001bta', 'usp0001bve', 'usp0001bvf', 'usp0001byq', 'usp0001ccb', 'usp0001ddz', 'usp0001dv1', 'usp0001gud', 'usp0001h39', 'usp0001huc', 'usp0001hvb', 'usp0001j88', 'usp0001jr4', 'usp0001k81', 'usp0001m51', 'usp0001mrd', 'iscgem597450', 'usp0001n6n', 'usp0001nap', 'usp0001p53', 'usp0001rg4', 'usp0001rj6', 'usp0001s9g', 'usp0001sa1', 'usp0001sc6', 'usp0001sjv', 'usp0001smj', 'usp0001t1b', 'usp0001tax', 'usp0001u5s', 'usp0001u6e', 'usp0001u8x', 'usp0001uct', 'usp0001uj8', 'usp0001uvt', 'nc1091100', 'usp0001wb1', 'usp0001wq7', 'usp0001wrg', 'usp0001xqy', 'usp0001xr0', 'usp0001xxv', 'usp0001yeg', 'usp0001z0k', 'usp0001z19', 'usp0001zbv', 'usp0001zdn', 'usp0001zmc', 'usp000205u', 'usp000213u', 'usp000231k', 'usp00023aj', 'usp00024ev', 'usp00024mx', 'usp000253j', 'usp000257x', 'usp00025mm', 'usp000268f', 'usp000278e', 'usp00027ga', 'usp00027rt', 'usp000294z', 'usp0002afy', 'usp0002ajv', 'usp0002b7w', 'usp0002cbw', 'usp0002cuh', 'usp0002cy6', 'usp0002e2z', 'usp0002ec4', 'usp0002evn', 'usp0002fjz', 'usp0002g32', 'usp0002km5', 'usp0002kmh', 'usp0002mu8', 'usp0002pfd', 'usp0002s7q', 'usp0002tee', 'usp0002uf3', 'usp0002vbq', 'usp0002vbr', 'usp0002vss', 'usp0002y54', 'usp00030ah', 'usp00032x6', 'usp00034f9', 'usp00035yn', 'usp0003615', 'usp00036cp', 'usp000381s', 'usp000381u', 'usp0003862', 'usp00038tb', 'usp0003a67', 'ci628016', 'usp0003ajq', 'usp0003bbq', 'usp0003c9n', 'usp0003cte', 'usp0003d64', 'usp0003dc5', 'usp0003df7', 'usp0003dsq', 'usp0003e6c', 'usp0003ezg', 'usp0003fq8', 'usp0003gpe', 'usp0003h35', 'usp0003hjb', 'usp0003jzr', 'usp0003ks4', 'usp0003ng5', 'usp0003nks', 'usp0003pmm', 'usp0003qpt', 'usp0003qqn', 'usp0003sea', 'usp0003sub', 'usp0003tuk', 'usp0003uxu', 'official19890523105446320_10', 'usp0003ynm', 'usp0003yr1', 'usp0003z0u', 'ak989bcpkhdo', 'nc216859', 'usp000464f', 'usp00048gu', 'ak9905kdmjlk', 'usp000496v', 'usp0004a9a', 'usp0004agn', 'usp0004arq', 'usp0004bu4', 'usp0004cz8', 'usp0004e6r', 'usp0004ezz', 'usp0004f00', 'usp0004fjz', 'usp0004fsp', 'usp0004fv5', 'usp0004gkf', 'usp0004gkj', 'usp0004gyj', 'usp0004jdq', 'usp0004k8g', 'usp0004n74', 'usp0004qza', 'usp0004s1v', 'usp0004s9h', 'usp0004sxp', 'usp0004tuc', 'usp0004y1r', 'usp0004yuw', 'usp00050a0', 'usp00050bq', 'usp000547c', 'usp00055dh', 'nc269151', 'usp00057t0', 'usp000582h', 'usp00059fc', 'usp0005am7', 'usp0005ap1', 'usp0005b5j', 'usp0005cq0', 'usp0005d7u', 'usp0005dew', 'usp0005ejh', 'usp0005er3', 'usp0005fey', 'usp0005g1x', 'usp0005g4e', 'usp0005gh3', 'usp0005hhf', 'usp0005jwt', 'usp0005p2v', 'usp0005p35', 'usp0005reu', 'usp0005t13', 'usp0005vf1', 'usp0005vyp', 'usp0005y2v', 'usp0005zvf', 'usp000614g', 'usp00061tu', 'usp00061w1', 'usp00063vy', 'usp00064w3', 'usp000669u', 'ci3144585', 'usp00068dm', 'usp00068jd', 'usp00069qa', 'usp0006d02', 'usp0006dbh', 'usp0006dv8', 'usp0006efu', 'usp0006f6f', 'usp0006fkv', 'usp0006fyv', 'usp0006g4b', 'usp0006h3e', 'usp0006jhk', 'usp0006mtj', 'usp0006n54', 'usp0006nn2', 'usp0006rkq', 'usp0006vnq', 'usp0006wq1', 'usp0006xbu', 'usp0006xma', 'usp0006xwq', 'usp0006y21', 'usp0006y50', 'usp0006zgn', 'usp000702z', 'usp00070g4', 'usp000724g', 'usp00073vq', 'usp00074c4', 'usp00074ph', 'usp00075bd', 'usp00076fh', 'usp0007788', 'usp000799b', 'usp0007a08', 'usp0007c7g', 'official19960217055930550_33', 'usp0007d5f', 'usp0007dmb', 'usp0007j1e', 'usp0007jbe', 'usp0007m3h', 'usp0007n0p', 'usp0007pet', 'usp0007pfw', 'usp0007q50', 'usp0007r4u', 'usp0007sja', 'usp0007swp', 'usp0007t7m', 'usp0007u7a', 'usp0007w7v', 'usp0007wrr', 'usp0007xx2', 'usp0007yp6', 'usp000810j', 'usp00081ec', 'usp000820p', 'usp000824u', 'usp00083cd', 'usp00084m2', 'usp00086gu', 'usp000871m', 'usp0008740', 'usp00088mv', 'usp00089q2', 'usp0008a97', 'usp0008acs', 'usp0008aw5', 'usp0008btk', 'usp0008d0r', 'usp0008e1g', 'usp0008g3e', 'usp0008g8h', 'usp0008hg7', 'usp0008hs8', 'usp0008jd7', 'usp0008jdq', 'usp0008jhh', 'usp0008mdk', 'usp0008n0d', 'usp0008nhp', 'usp0008nze', 'usp0008r86', 'usp0008ssb', 'usp0008u8z', 'usp0008vnn', 'usp0008x6n', 'usp00091uc', 'usp00093tj', 'usp00093u0', 'usp000943c', 'usp00095cb', 'usp00095q7', 'usp00099y6', 'usp0009bed', 'usp0009dcg', 'usp0009hnt', 'usp0009jav', 'usp0009jpx', 'usp0009jr8', 'usp0009p81', 'usp0009ue0', 'usp0009urh', 'usp0009wkp', 'usp0009xf4', 'usp0009xws', 'usp0009yfk', 'usp000a14k', 'usp000a1b0', 'usp000a345', 'usp000a373', 'usp000a6e0', 'usp000a70h', 'usp000a8ds', 'uw10530748', 'usp000abyg', 'usp000acv4', 'usp000ae2r', 'usp000afyg', 'usp000ak5s', 'ak0019lroivn', 'usp000akwv', 'usp000aqg8', 'usp000ar78', 'usp000asvm', 'usp000atvy', 'usp000aufx', 'usp000av52', 'usp000axp7', 'usp000b2mv', 'usp000b2p9', 'usp000b628', 'usp000b6pk', 'usp000b70m', 'usp000ba6m', 'usp000bc65', 'usp000bdqx', 'ak002dlpsbnr', 'usp000bhrf', 'usp000bhv1', 'usp000br01', 'usp000btf5', 'usp000bvcx', 'usp000bx7j', 'usp000bxpg', 'usp000by66', 'usp000by7n', 'usp000c2ka', 'usp000c3fr', 'usp000c41f', 'usp000c87f', 'nc21323712', 'usp000cfzw', 'usp000cg2d', 'usp000cjwh', 'usp000cmqq', 'usp000ct64', 'usp000cu1z', 'ak00489udzds', 'usp000d0v4', 'usp000d30e', 'usp000d3qv', 'usp000d60h', 'usp000d7h4', 'usp000d9f2', 'usp000daqt', 'usp000dgad', 'usp000djqf', 'usp000dpzp', 'usp000dqkx', 'usp000dqxx', 'usp000e09h', 'usp000e12e', 'usp000e329', 'usp000e5jx', 'usp000e62c', 'usp000e7dd', 'usp000e7jp', 'usp000e7u3', 'usp000eamh', 'usp000edbg', 'usp000edw9', 'usp000efv7', 'usp000erc2', 'usp000erpk', 'hv5532127', 'usp000ex8r', 'usp000f114', 'usp000f1ab', 'usp000f7b5', 'usp000fbdn', 'usp000fepk', 'usp000fg9t', 'usp000fgc3', 'usp000fpxf', 'usp000ft2k', 'usp000ftj1', 'usp000fw0w', 'usp000fyep', 'usp000fyrt', 'usp000fyw4', 'usp000g0k9', 'usp000g1w2', 'usp000g3q9', 'usp000g7ke', 'usp000g8aj', 'usp000ge8h', 'usp000gfga', 'usp000ggp4', 'usp000gkde', 'usp000gnur', 'usp000gupr', 'usp000gxkj', 'usp000gz8j', 'usp000gzyb', 'usp000h0gm', 'usp000h0y7', 'usp000h121', 'usp000h152', 'usp000h2u7', 'usp000h3c5', 'usp000h3jp', 'usp000h44s', 'usp000h5ra', 'nc71338066', 'usp000h60h', 'usp000h7dn', 'usp000h7sq', 'ci14607652', 'usp000hbws', 'usp000hc4u', 'usp000he3f', 'usp000hfdm', 'usp000hj05', 'usp000hj2j', 'usp000hk3k', 'usp000hk46', 'usp000hncm', 'usp000hpc0', 'usp000hr7k', 'usp000htb4', 'usp000huus', 'usp000hveq', 'usp000hyfx', 'usp000hzf3', 'usp000j06q', 'usp000j5t4', 'usp000j78h', 'usp000j88b', 'usp000j9rr', 'usp000jajd', 'usp000jb98', 'usp000jc1y', 'usp000jcws', 'usp000jdhq', 'usp000jejw', 'usp000jjqf', 'usp000jpfh', 'usp000jr55', 'usp000jtsk', 'usp000jvbq', 'usc000eyp3', 'usc000f76f', 'usc000febi', 'usc000hzfk', 'usb000ief9', 'usb000iivv', 'usb000j275', 'usb000jgfc', 'usb000k2h2', 'usb000kbn7', 'usb000kdb4', 'usc000kmfw', 'usb000l51g', 'usc000mfm0', 'usc000mnvj', 'usc000mskt', 'usb000mzmn', 'nc72182046', 'usc000ndnj', 'usb000pkxl', 'usb000pq41', 'usb000px6r', 'usb000qjhh', 'usb000qk64', 'usb000r2hc', 'usc000rfh2', 'usc000rngj', 'usb000rzki', 'usb000s5x1', 'usb000sdcr', 'usb000sk6k', 'usc000sv94', 'usc000sxye', 'usc000tihy', 'usc000tp1s', 'us200027c2', 'us10002aj3', 'ak0156uj8rk3', 'us20002qn7', 'us20002xx1', 'us200030kn', 'us20003j4u', 'us20003nqr', 'us10003vyx', 'us10003y71', 'us10003ywp', 'us100043z2', 'us20004ft7', 'us100047zq', 'us10004b2n', 'us10004dj5', 'us10004g4l', 'ak01613v15nv', 'us10004u1y', 'us20005hqz', 'us20005iis', 'us20005yqp', 'us10006d5h', 'us10006gbf', 'us20006uy6', 'us20007f7j', 'us1000731j', 'us1000778i', 'us10007795', 'us20007z6r', 'us10007mn3', 'us20008l41', 'us20008m3t', 'us20008vhl', 'us10008e3k', 'us10008w1z', 'us1000976a', 'us20009ynd', 'us2000a5x1', 'us2000a98r', 'us1000aytk', 'us2000bk15', 'us2000bmcg', 'us2000c3y6', 'us2000c4v8', 'us2000cmy3', 'us2000d7q6', 'us1000dce2', 'us1000ga0z', 'us2000h8ty', 'us1000hfgn', 'us1000hhb1', 'us1000hpim', 'ak018fcnsk91', 'us2000j7dn', 'us70003hqb', 'us6000417i', 'ci38457511', 'us70004jxe', 'us60004zhq', 'us60007ewc', 'us60007idc', 'us70007pa9', 'us70008fi4', 'us70008jr5', 'us700098qd', 'us70009f12', 'nn00725272', 'us6000a4yi', 'us6000abcq', 'us7000aj3w', 'us7000aq3e', 'us6000bgbr', 'us6000bi4p', 'us7000bfjr', 'us7000biu8', 'us7000c7y0', 'us6000d3i9', 'us6000d7ix', 'us7000d20e', 'us7000d2rx', 'us6000de34', 'us6000dynd', 'us7000e2ec', 'us7000e4aw', 'us7000e54r', 'us6000eyfk', 'us6000f48v', 'us6000f4ly', 'us7000f93v', 'us7000fszl', 'us6000gbls', 'us7000g9zq', 'us7000gaqu', 'us7000gbu4', 'us7000glex', 'us6000h6ne', 'us6000hf75', 'us6000hm9j', 'us6000i1wg', 'us6000i5rd', 'us7000i53f', 'us7000i59t', 'us7000irfb', 'us6000jllz', 'us6000jlqa', 'us7000jl3s', 'us6000k1mn', 'us6000k49j', 'us6000k587', 'us6000kdmq', 'us7000k3n3', 'us7000keq3', 'us7000kg9g', 'us7000krjx', 'us7000kufc', 'us7000l7si', 'us6000lqf9', 'us6000m0xl', 'us7000lsze', 'us6000mghc', 'us7000my76', 'us7000ne51', 'us7000nr0v', 'nc75095651', 'us6000pfw7', 'us6000pi9w', 'us7000pcdl', 'us6000pxvx', 'us7000pn9s', 'us6000q41n', 'us6000q6cs', 'us7000pvtr', 'us7000pwkn', 'us7000q0bm', 'us7000q9b5', 'us7000qcik', 'us6000rdrz', 'us6000rjq8', 'us6000rsy1', 'us6000sasz', 'us6000si5l', 'us6000sz1d', 'us7000stti', 'us6000t7zc', 'noaa_1', 'noaa_3', 'noaa_12', 'noaa_17', 'noaa_19', 'noaa_20', 'noaa_22', 'noaa_25', 'noaa_28', 'noaa_30', 'noaa_32', 'noaa_35', 'noaa_38', 'noaa_43', 'noaa_60', 'noaa_64', 'noaa_66', 'noaa_70', 'noaa_75', 'noaa_95', 'noaa_109', 'noaa_122', 'noaa_123', 'noaa_124', 'noaa_125', 'noaa_131', 'noaa_134', 'noaa_146', 'noaa_160', 'noaa_162', 'noaa_169', 'noaa_171', 'noaa_173', 'noaa_175', 'noaa_177', 'noaa_183', 'noaa_190', 'noaa_200', 'noaa_202', 'noaa_232', 'noaa_247', 'noaa_254', 'noaa_259', 'noaa_260', 'noaa_262']"
